rule_id,antecedents,consequents,support,confidence,lift,evidence_quality,business_action
1,"PINK REGENCY TEACUP AND SAUCER, ROSES REGENCY TEACUP AND SAUCER ",GREEN REGENCY TEACUP AND SAUCER,0.027360542153441563,0.9046822742474917,17.658719258337268,High,"Gợi ý kèm 'GREEN REGENCY TEACUP AND SAUCER' khi khách hàng thêm 'PINK REGENCY TEACUP AND SAUCER, ROSES REGENCY TEACUP AND SAUCER ' vào giỏ hàng (Lift=17.7x)"
2,"GREEN REGENCY TEACUP AND SAUCER, PINK REGENCY TEACUP AND SAUCER",ROSES REGENCY TEACUP AND SAUCER ,0.027360542153441563,0.8560126582278481,15.89289980388661,High,"Gợi ý kèm 'ROSES REGENCY TEACUP AND SAUCER ' khi khách hàng thêm 'GREEN REGENCY TEACUP AND SAUCER, PINK REGENCY TEACUP AND SAUCER' vào giỏ hàng (Lift=15.9x)"
3,PINK REGENCY TEACUP AND SAUCER,GREEN REGENCY TEACUP AND SAUCER,0.031962777524907705,0.8261437908496733,16.125706985657047,High,Gợi ý kèm 'GREEN REGENCY TEACUP AND SAUCER' khi khách hàng thêm 'PINK REGENCY TEACUP AND SAUCER' vào giỏ hàng (Lift=16.1x)
4,PINK REGENCY TEACUP AND SAUCER,"GREEN REGENCY TEACUP AND SAUCER, ROSES REGENCY TEACUP AND SAUCER ",0.027360542153441563,0.7071895424836602,18.23110667996012,High,"Gợi ý kèm 'GREEN REGENCY TEACUP AND SAUCER, ROSES REGENCY TEACUP AND SAUCER ' khi khách hàng thêm 'PINK REGENCY TEACUP AND SAUCER' vào giỏ hàng (Lift=18.2x)"
5,"GREEN REGENCY TEACUP AND SAUCER, ROSES REGENCY TEACUP AND SAUCER ",PINK REGENCY TEACUP AND SAUCER,0.027360542153441563,0.7053455019556715,18.23110667996012,High,"Gợi ý kèm 'PINK REGENCY TEACUP AND SAUCER' khi khách hàng thêm 'GREEN REGENCY TEACUP AND SAUCER, ROSES REGENCY TEACUP AND SAUCER ' vào giỏ hàng (Lift=18.2x)"
6,"REGENCY CAKESTAND 3 TIER, GREEN REGENCY TEACUP AND SAUCER",ROSES REGENCY TEACUP AND SAUCER ,0.020634198148991048,0.8015717092337917,14.882138410027947,High,"Gợi ý kèm 'ROSES REGENCY TEACUP AND SAUCER ' khi khách hàng thêm 'REGENCY CAKESTAND 3 TIER, GREEN REGENCY TEACUP AND SAUCER' vào giỏ hàng (Lift=14.9x)"
7,"REGENCY CAKESTAND 3 TIER, ROSES REGENCY TEACUP AND SAUCER ",GREEN REGENCY TEACUP AND SAUCER,0.020634198148991048,0.7771428571428571,15.1692455224933,High,"Gợi ý kèm 'GREEN REGENCY TEACUP AND SAUCER' khi khách hàng thêm 'REGENCY CAKESTAND 3 TIER, ROSES REGENCY TEACUP AND SAUCER ' vào giỏ hàng (Lift=15.2x)"
8,PINK REGENCY TEACUP AND SAUCER,ROSES REGENCY TEACUP AND SAUCER ,0.030243261012491782,0.7816993464052288,14.513184203258767,High,Gợi ý kèm 'ROSES REGENCY TEACUP AND SAUCER ' khi khách hàng thêm 'PINK REGENCY TEACUP AND SAUCER' vào giỏ hàng (Lift=14.5x)
9,GARDENERS KNEELING PAD CUP OF TEA ,GARDENERS KNEELING PAD KEEP CALM ,0.027613412228796843,0.7203166226912928,15.600022541593574,High,Gợi ý kèm 'GARDENERS KNEELING PAD KEEP CALM ' khi khách hàng thêm 'GARDENERS KNEELING PAD CUP OF TEA ' vào giỏ hàng (Lift=15.6x)
10,GREEN REGENCY TEACUP AND SAUCER,ROSES REGENCY TEACUP AND SAUCER ,0.03879026955950033,0.7571569595261599,14.057525409118083,High,Gợi ý kèm 'ROSES REGENCY TEACUP AND SAUCER ' khi khách hàng thêm 'GREEN REGENCY TEACUP AND SAUCER' vào giỏ hàng (Lift=14.1x)
