min_support,min_baskets,min_confidence,frequent_itemsets_count,valid_rules_count,max_lift,mean_lift,mean_confidence
0.015,297,0.4,757,347,37.203,11.2407,0.5587
0.015,297,0.5,757,213,37.203,12.3943,0.6296
0.015,297,0.6,757,111,37.203,14.2778,0.7034
0.02,396,0.4,389,132,18.2311,9.3011,0.5279
0.02,396,0.5,389,61,18.2311,10.8559,0.6221
0.02,396,0.6,389,30,18.2311,11.9876,0.699
0.025,495,0.4,229,70,18.2311,9.6426,0.5516
0.025,495,0.5,229,39,18.2311,11.3181,0.6332
0.025,495,0.6,229,22,18.2311,12.3702,0.6976
0.03,594,0.4,142,16,16.1257,10.2676,0.6124
0.03,594,0.5,142,14,16.1257,10.8196,0.6407
0.03,594,0.6,142,9,16.1257,12.4057,0.6955
