antecedents_str,consequents_str,antecedents_codes,consequents_codes,antecedent_length,consequent_length,support,confidence,lift,algorithm,leverage,conviction
PINK REGENCY TEACUP AND SAUCER,"GREEN REGENCY TEACUP AND SAUCER, ROSES REGENCY TEACUP AND SAUCER ",22698,"22697, 22699",1,2,0.027360542153441563,0.7071895424836602,18.23110667996012,FP-Growth,0.02585978070029749,3.2827028740490283
"GREEN REGENCY TEACUP AND SAUCER, ROSES REGENCY TEACUP AND SAUCER ",PINK REGENCY TEACUP AND SAUCER,"22697, 22699",22698,2,1,0.027360542153441563,0.7053455019556715,18.23110667996012,FP-Growth,0.02585978070029749,3.2625019636592136
"PINK REGENCY TEACUP AND SAUCER, ROSES REGENCY TEACUP AND SAUCER ",GREEN REGENCY TEACUP AND SAUCER,"22698, 22699",22697,2,1,0.027360542153441563,0.9046822742474917,17.658719258337268,FP-Growth,0.02581113521440074,9.953746957795548
GREEN REGENCY TEACUP AND SAUCER,"PINK REGENCY TEACUP AND SAUCER, ROSES REGENCY TEACUP AND SAUCER ",22697,"22698, 22699",1,2,0.027360542153441563,0.5340572556762093,17.658719258337268,FP-Growth,0.02581113521440074,2.081278763971072
PINK REGENCY TEACUP AND SAUCER,GREEN REGENCY TEACUP AND SAUCER,22698,22697,1,1,0.031962777524907705,0.8261437908496733,16.125706985657047,FP-Growth,0.029980676674796956,5.457202405193687
GREEN REGENCY TEACUP AND SAUCER,PINK REGENCY TEACUP AND SAUCER,22697,22698,1,1,0.031962777524907705,0.6238894373149062,16.125706985657047,FP-Growth,0.029980676674796956,2.5559262989258795
"GREEN REGENCY TEACUP AND SAUCER, PINK REGENCY TEACUP AND SAUCER",ROSES REGENCY TEACUP AND SAUCER ,"22697, 22698",22699,2,1,0.027360542153441563,0.8560126582278481,15.89289980388661,FP-Growth,0.025638984571687316,6.570985076219487
ROSES REGENCY TEACUP AND SAUCER ,"GREEN REGENCY TEACUP AND SAUCER, PINK REGENCY TEACUP AND SAUCER",22699,"22697, 22698",1,2,0.027360542153441563,0.507981220657277,15.89289980388661,FP-Growth,0.025638984571687316,1.9674802327022392
GARDENERS KNEELING PAD CUP OF TEA ,GARDENERS KNEELING PAD KEEP CALM ,23300,23301,1,1,0.027613412228796843,0.7203166226912928,15.600022541593574,FP-Growth,0.025843324259040866,3.4103775970472405
GARDENERS KNEELING PAD KEEP CALM ,GARDENERS KNEELING PAD CUP OF TEA ,23301,23300,1,1,0.027613412228796843,0.5980284775465499,15.600022541593574,FP-Growth,0.025843324259040866,2.3923707100109404
"REGENCY CAKESTAND 3 TIER, ROSES REGENCY TEACUP AND SAUCER ",GREEN REGENCY TEACUP AND SAUCER,"22423, 22699",22697,2,1,0.020634198148991048,0.7771428571428571,15.1692455224933,FP-Growth,0.019273932859699357,4.2572946532891915
"REGENCY CAKESTAND 3 TIER, GREEN REGENCY TEACUP AND SAUCER",ROSES REGENCY TEACUP AND SAUCER ,"22423, 22697",22699,2,1,0.020634198148991048,0.8015717092337917,14.882138410027947,FP-Growth,0.019247690539635175,4.768164208318874
PINK REGENCY TEACUP AND SAUCER,ROSES REGENCY TEACUP AND SAUCER ,22698,22699,1,1,0.030243261012491782,0.7816993464052288,14.513184203258767,FP-Growth,0.028159413623184824,4.334108296833733
ROSES REGENCY TEACUP AND SAUCER ,PINK REGENCY TEACUP AND SAUCER,22699,22698,1,1,0.030243261012491782,0.5615023474178403,14.513184203258767,FP-Growth,0.028159413623184824,2.1922828384822983
GREEN REGENCY TEACUP AND SAUCER,ROSES REGENCY TEACUP AND SAUCER ,22697,22699,1,1,0.03879026955950033,0.7571569595261599,14.057525409118083,FP-Growth,0.03603087425836576,3.8960913687425447
ROSES REGENCY TEACUP AND SAUCER ,GREEN REGENCY TEACUP AND SAUCER,22699,22697,1,1,0.03879026955950033,0.72018779342723,14.057525409118083,FP-Growth,0.03603087425836576,3.390733143324383
SPACEBOY LUNCH BOX ,DOLLY GIRL LUNCH BOX,22629,22630,1,1,0.027208820108228393,0.5977777777777779,13.905717647058825,FP-Growth,0.025252155892916694,2.379311818979674
DOLLY GIRL LUNCH BOX,SPACEBOY LUNCH BOX ,22630,22629,1,1,0.027208820108228393,0.6329411764705882,13.905717647058824,FP-Growth,0.025252155892916694,2.600355379713595
JUMBO BAG PEARS,JUMBO BAG APPLES,23200,23199,1,1,0.020533050118848935,0.6823529411764706,13.79566943341754,FP-Growth,0.019044680872401836,2.992436375079373
CHARLOTTE BAG PINK POLKADOT,RED RETROSPOT CHARLOTTE BAG,22356,20724,1,1,0.02639963586709149,0.7035040431266847,13.479055663511566,FP-Growth,0.02444106869991549,3.1966965972883137
RED RETROSPOT CHARLOTTE BAG,CHARLOTTE BAG PINK POLKADOT,20724,22356,1,1,0.02639963586709149,0.5058139534883721,13.479055663511565,FP-Growth,0.02444106869991549,1.9475946105949586
STRAWBERRY CHARLOTTE BAG,WOODLAND CHARLOTTE BAG,20723,20719,1,1,0.020533050118848935,0.5623268698060943,13.348006238506485,FP-Growth,0.018994764194197884,2.188555292442642
STRAWBERRY CHARLOTTE BAG,RED RETROSPOT CHARLOTTE BAG,20723,20724,1,1,0.024578971324533454,0.6731301939058172,12.897096244282677,FP-Growth,0.02267319572520586,2.89964872489193
STRAWBERRY CHARLOTTE BAG,CHARLOTTE BAG SUKI DESIGN,20723,22355,1,1,0.020988216254488445,0.5747922437673131,12.885903668946806,FP-Growth,0.01935944292250498,2.246886856373586
CHARLOTTE BAG PINK POLKADOT,CHARLOTTE BAG SUKI DESIGN,22356,22355,1,1,0.02073534617913316,0.5525606469002695,12.38750756367237,FP-Growth,0.019061454472302508,2.1352474074724017
ALARM CLOCK BAKELIKE RED ,ALARM CLOCK BAKELIKE GREEN,22727,22726,1,1,0.03236736964547615,0.6089438629876308,12.286374492708596,FP-Growth,0.029732957869676488,2.430437411087867
ALARM CLOCK BAKELIKE GREEN,ALARM CLOCK BAKELIKE RED ,22726,22727,1,1,0.03236736964547615,0.6530612244897959,12.286374492708594,FP-Growth,0.029732957869676488,2.729146399873862
WOODLAND CHARLOTTE BAG,CHARLOTTE BAG SUKI DESIGN,20719,22355,1,1,0.02306175087240176,0.5474189675870349,12.27223950804812,FP-Growth,0.021182570560016406,2.1109893041994816
CHARLOTTE BAG SUKI DESIGN,WOODLAND CHARLOTTE BAG,22355,20719,1,1,0.02306175087240176,0.5170068027210885,12.272239508048118,FP-Growth,0.021182570560016406,1.9831994546554095
WOODLAND CHARLOTTE BAG,RED RETROSPOT CHARLOTTE BAG,20719,20724,1,1,0.025539877610883527,0.6062424969987995,11.615535749183394,FP-Growth,0.02334110880999726,2.407084586890475
PAPER CHAIN KIT VINTAGE CHRISTMAS,PAPER CHAIN KIT 50'S CHRISTMAS ,22910,22086,1,1,0.027916856319223183,0.6731707317073171,11.47465937762826,FP-Growth,0.025483942591635618,2.8802014808373553
ALARM CLOCK BAKELIKE PINK,ALARM CLOCK BAKELIKE RED ,22728,22727,1,1,0.02376978708339655,0.6002554278416348,11.292912059669499,FP-Growth,0.021664945838038248,2.3686293100815665
CHARLOTTE BAG SUKI DESIGN,RED RETROSPOT CHARLOTTE BAG,22355,20724,1,1,0.02564102564102564,0.5748299319727891,11.013674655908874,FP-Growth,0.02331291749891077,2.229243513882567
ALARM CLOCK BAKELIKE PINK,ALARM CLOCK BAKELIKE GREEN,22728,22726,1,1,0.021139938299701615,0.5338441890166029,10.77112362186254,FP-Growth,0.019177288993848962,2.0388836582887007
WOODEN FRAME ANTIQUE WHITE ,WOODEN PICTURE FRAME WHITE FINISH,82494L,82482,1,1,0.025539877610883527,0.5549450549450549,9.975389610389609,FP-Growth,0.02297958887947567,2.121914594849067
JUMBO BAG VINTAGE LEAF,JUMBO BAG VINTAGE DOILY ,23202,23203,1,1,0.02609619177666515,0.5870307167235496,9.429210691937243,FP-Growth,0.02332860150540527,2.270733987786167
"JUMBO STORAGE BAG SUKI, JUMBO BAG RED RETROSPOT",JUMBO BAG PINK POLKADOT,"21931, 85099B",22386,2,1,0.02088706822434633,0.5704419889502763,9.260549628500668,FP-Growth,0.01863157918079503,2.184573039041351
HEART OF WICKER LARGE,HEART OF WICKER SMALL,22470,22469,1,1,0.02493298943003085,0.532972972972973,8.774749870603326,FP-Growth,0.022091542118403206,2.011148292377747
JUMBO BAG WOODLAND ANIMALS,JUMBO STORAGE BAG SUKI,20712,21931,1,1,0.022707732766904364,0.5202780996523755,8.688732149008802,FP-Growth,0.020094263692536037,1.9597195072282974
"JUMBO BAG PINK POLKADOT, JUMBO BAG RED RETROSPOT",JUMBO STORAGE BAG SUKI,"22386, 85099B",21931,2,1,0.02088706822434633,0.5006060606060606,8.360205773955775,FP-Growth,0.018388676583148335,1.8825225778606602
60 TEATIME FAIRY CAKE CASES,PACK OF 72 RETROSPOT CAKE CASES,84991,21212,1,1,0.02291002882718859,0.5471014492753623,8.195331027667983,FP-Growth,0.020114531152983266,2.0605989986345015
"JUMBO STORAGE BAG SUKI, JUMBO BAG PINK POLKADOT",JUMBO BAG RED RETROSPOT,"21931, 22386",85099B,2,1,0.02088706822434633,0.8019417475728156,7.5906147318129635,FP-Growth,0.018135371693522983,4.515595142117942
LUNCH BAG PINK POLKADOT,LUNCH BAG RED RETROSPOT,22384,20725,1,1,0.030647853133060232,0.5559633027522936,7.024321012984729,FP-Growth,0.026284747706015184,2.073818835518674
LUNCH BAG WOODLAND,LUNCH BAG RED RETROSPOT,20726,20725,1,1,0.026601931927375713,0.5172074729596853,6.534660295739206,FP-Growth,0.022531034478472215,1.9073444903112646
LUNCH BAG SUKI DESIGN ,LUNCH BAG RED RETROSPOT,22383,20725,1,1,0.033125979871542005,0.5101246105919004,6.4451718372099975,FP-Growth,0.027986321735463254,1.879767153696844
JUMBO BAG PINK POLKADOT,JUMBO BAG RED RETROSPOT,22386,85099B,1,1,0.0417235624336216,0.6773399014778325,6.411221575835894,FP-Growth,0.03521566656072289,2.7718050252040047
LUNCH BAG  BLACK SKULL.,LUNCH BAG RED RETROSPOT,20727,20725,1,1,0.03241794366054721,0.5035349567949725,6.361914824732902,FP-Growth,0.027322316863640474,1.854816726811334
JUMBO BAG SCANDINAVIAN BLUE PAISLEY,JUMBO BAG RED RETROSPOT,21928,85099B,1,1,0.027360542153441563,0.6712158808933003,6.353255918096327,FP-Growth,0.023054003505201526,2.7201766464466037
JUMBO BAG STRAWBERRY,JUMBO BAG RED RETROSPOT,85099F,85099B,1,1,0.02710767207808628,0.6600985221674878,6.248026844814617,FP-Growth,0.02276907482948714,2.631206219577715
RED HANGING HEART T-LIGHT HOLDER,WHITE HANGING HEART T-LIGHT HOLDER,21733,85123A,1,1,0.024730693369746624,0.659919028340081,5.936569129830946,FP-Growth,0.020564870850225004,2.6136079020694405
JUMBO  BAG BAROQUE BLACK WHITE,JUMBO BAG RED RETROSPOT,85099C,85099B,1,1,0.029585798816568046,0.6270096463022508,5.934830893410437,FP-Growth,0.02460068646072691,2.397785555712509
JUMBO BAG SPACEBOY DESIGN,JUMBO BAG RED RETROSPOT,22385,85099B,1,1,0.021696252465483234,0.6253644314868805,5.919258450832976,FP-Growth,0.018030885824425337,2.387255663059775
JUMBO BAG WOODLAND ANIMALS,JUMBO BAG RED RETROSPOT,20712,85099B,1,1,0.027057098063015223,0.6199304750869062,5.867824453754618,FP-Growth,0.022446002711363672,2.3531244256457136
JUMBO STORAGE BAG SUKI,JUMBO BAG RED RETROSPOT,21931,85099B,1,1,0.0366155869114449,0.6114864864864864,5.787899615747867,FP-Growth,0.030289356440581124,2.3019814019556746
JUMBO BAG PINK VINTAGE PAISLEY,JUMBO BAG RED RETROSPOT,21929,85099B,1,1,0.026197339806807263,0.5988439306358382,5.668234102662723,FP-Growth,0.021575558255036008,2.229433756129185
JUMBO STORAGE BAG SKULLS,JUMBO BAG RED RETROSPOT,21930,85099B,1,1,0.020937642239417388,0.5872340425531916,5.558343094018313,FP-Growth,0.01717075669722232,2.166726364859715
JUMBO SHOPPER VINTAGE RED PAISLEY,JUMBO BAG RED RETROSPOT,22411,85099B,1,1,0.03439033024831841,0.5787234042553191,5.477787397003554,FP-Growth,0.028112187677993297,2.1229541150645685
"GREEN REGENCY TEACUP AND SAUCER, ROSES REGENCY TEACUP AND SAUCER ",REGENCY CAKESTAND 3 TIER,"22697, 22699",22423,2,1,0.020634198148991048,0.5319426336375489,5.290795621184736,FP-Growth,0.01673418015049377,1.9216850811022657
JUMBO BAG APPLES,JUMBO BAG RED RETROSPOT,23199,85099B,1,1,0.027613412228796843,0.558282208588957,5.2843054621490895,FP-Growth,0.022387860370262407,2.024711025697219
RECYCLING BAG RETROSPOT ,JUMBO BAG RED RETROSPOT,22379,85099B,1,1,0.020988216254488445,0.5548128342245989,5.251466812409284,FP-Growth,0.016991577409719776,2.008932312679847
GREEN REGENCY TEACUP AND SAUCER,REGENCY CAKESTAND 3 TIER,22697,22423,1,1,0.025742173671167753,0.5024679170779861,4.99763487142003,FP-Growth,0.020591302442383212,1.8078409190342126
