Stage,Rows,RowsRemoved,Reason
01_raw_data,541909,0,Du lieu goc
02_remove_cancelled_C,532621,9288,Loai hoa don huy (InvoiceNo bat dau bang C)
03_remove_adjust_A,532618,3,Loai adjust bad debt (InvoiceNo bat dau bang A)
04_remove_qty_invalid,531282,1336,Loai Quantity <= 0 (khong thuoc C/A)
05_remove_price_invalid,530103,1179,Loai UnitPrice <= 0
06_remove_duplicates,524877,5226,Loai dong trung lap hoan toan
07_remove_non_product_sc,522571,2306,"Loai StockCode phi san pham (POST, DOT, M...)"
08_final_cleaned,522571,0,Du lieu sach cuoi cung
09_customer_transactions,391153,131418,"Chi giu giao dich co CustomerID (cho RFM, K-Means)"
10_product_transactions,522540,31,Loai them gift voucher (cho association rules)
