CustomerID,Recency,Frequency,Monetary,TotalItems,UniqueProducts,UniqueInvoices,ActiveDays,Country,AverageOrderValue,AverageItemsPerInvoice,CustomerLifetimeDays,repeat_purchase_90d
12346,236,1,77183.6,74215,1,1,1,United Kingdom,77183.6,74215.0,0,0
12347,40,5,2790.86,1590,82,5,5,Iceland,558.172,318.0,237,1
12348,159,3,1167.24,2116,21,3,3,Finland,389.08,705.3333333333334,109,1
12350,220,1,294.40000000000003,196,16,1,1,Norway,294.40000000000003,196.0,0,0
12352,172,4,641.51,249,24,4,4,Norway,160.3775,62.25,34,1
12353,114,1,89.0,20,4,1,1,Bahrain,89.0,20.0,0,0
12354,142,1,1079.4,530,58,1,1,Spain,1079.4,530.0,0,0
12355,124,1,459.4,240,13,1,1,Bahrain,459.4,240.0,0,0
12356,156,2,2429.08,1568,52,2,2,Portugal,1214.54,784.0,80,1
12358,61,1,404.86,98,11,1,1,Austria,404.86,98.0,0,1
