model,params,mean_test_f1,std_test_f1,rank_f1,mean_fit_time_seconds,split0_test_f1,split1_test_f1,split2_test_f1,split3_test_f1,split4_test_f1
LogisticRegression,"{'classifier__C': 0.1, 'classifier__class_weight': 'balanced'}",0.6680230850293382,0.015240654182331607,4,0.3358555793762207,0.6716141001855288,0.6480446927374302,0.6578947368421053,0.6934306569343066,0.6691312384473198
LogisticRegression,"{'classifier__C': 0.1, 'classifier__class_weight': None}",0.7051164543814699,0.021289927217398218,3,0.2213286876678467,0.7269681742043551,0.68,0.6860068259385665,0.7327731092436974,0.6998341625207297
LogisticRegression,"{'classifier__C': 1.0, 'classifier__class_weight': 'balanced'}",0.6649842935621206,0.014967767818898014,6,0.14727001190185546,0.6728624535315985,0.6413662239089184,0.6578947368421053,0.6861313868613139,0.6666666666666666
LogisticRegression,"{'classifier__C': 1.0, 'classifier__class_weight': None}",0.7068584311592668,0.020601457707109905,1,0.14218339920043946,0.7281879194630873,0.6778523489932886,0.6895368782161235,0.7296849087893864,0.7090301003344481
LogisticRegression,"{'classifier__C': 10.0, 'classifier__class_weight': 'balanced'}",0.6660304413418683,0.011975723862208213,5,0.23338017463684083,0.6728280961182994,0.6452830188679245,0.6604127579737336,0.6787658802177858,0.6728624535315985
LogisticRegression,"{'classifier__C': 10.0, 'classifier__class_weight': None}",0.7065929619056286,0.018698329450910114,2,0.1855642318725586,0.7269681742043551,0.6813559322033899,0.6905982905982906,0.7275747508305648,0.7064676616915423
DecisionTree,"{'classifier__class_weight': 'balanced', 'classifier__max_depth': 3, 'classifier__min_samples_leaf': 1}",0.6534999486157893,0.03868185653412174,14,0.18929858207702638,0.7022375215146299,0.6678700361010831,0.5904365904365905,0.632,0.6749555950266429
DecisionTree,"{'classifier__class_weight': 'balanced', 'classifier__max_depth': 3, 'classifier__min_samples_leaf': 5}",0.6534999486157893,0.03868185653412174,14,0.19400153160095215,0.7022375215146299,0.6678700361010831,0.5904365904365905,0.632,0.6749555950266429
DecisionTree,"{'classifier__class_weight': 'balanced', 'classifier__max_depth': 3, 'classifier__min_samples_leaf': 20}",0.6518279545169449,0.03666729351117889,16,0.20614328384399414,0.6938775510204082,0.6678700361010831,0.5904365904365905,0.632,0.6749555950266429
DecisionTree,"{'classifier__class_weight': 'balanced', 'classifier__max_depth': 5, 'classifier__min_samples_leaf': 1}",0.6563479073677944,0.03320400615119796,12,0.219147253036499,0.7,0.6890756302521008,0.6156716417910447,0.6274509803921569,0.6495412844036698
DecisionTree,"{'classifier__class_weight': 'balanced', 'classifier__max_depth': 5, 'classifier__min_samples_leaf': 5}",0.6677187374688972,0.03360798495170288,8,0.3025365829467773,0.7022375215146299,0.6890756302521008,0.6213235294117647,0.6929982046678635,0.6329588014981273
DecisionTree,"{'classifier__class_weight': 'balanced', 'classifier__max_depth': 5, 'classifier__min_samples_leaf': 20}",0.655752717232325,0.0277093930422025,13,0.3401795864105225,0.6456400742115028,0.6584507042253521,0.6220614828209765,0.7058823529411765,0.6467289719626168
DecisionTree,"{'classifier__class_weight': 'balanced', 'classifier__max_depth': 10, 'classifier__min_samples_leaf': 1}",0.6502446257509724,0.0161624773526129,17,0.41440205574035643,0.6771929824561403,0.6398601398601399,0.6325088339222615,0.6596858638743456,0.6419753086419753
DecisionTree,"{'classifier__class_weight': 'balanced', 'classifier__max_depth': 10, 'classifier__min_samples_leaf': 5}",0.6564222791576532,0.029094519429800205,11,0.42320990562438965,0.6655405405405406,0.6323024054982818,0.6137184115523465,0.6915584415584416,0.6789915966386555
DecisionTree,"{'classifier__class_weight': 'balanced', 'classifier__max_depth': 10, 'classifier__min_samples_leaf': 20}",0.6399414727961447,0.021560526519657956,18,0.3723945140838623,0.6655574043261231,0.6217616580310881,0.6093457943925233,0.6596858638743456,0.6433566433566433
DecisionTree,"{'classifier__class_weight': None, 'classifier__max_depth': 3, 'classifier__min_samples_leaf': 1}",0.6977782653040014,0.02215851218024921,1,0.3046466827392578,0.6968174204355109,0.6678700361010831,0.6937590711175616,0.7368421052631579,0.6936026936026936
DecisionTree,"{'classifier__class_weight': None, 'classifier__max_depth': 3, 'classifier__min_samples_leaf': 5}",0.6977782653040014,0.02215851218024921,1,0.22961773872375488,0.6968174204355109,0.6678700361010831,0.6937590711175616,0.7368421052631579,0.6936026936026936
DecisionTree,"{'classifier__class_weight': None, 'classifier__max_depth': 3, 'classifier__min_samples_leaf': 20}",0.6971902914209809,0.022215139400132585,3,0.28967981338500975,0.6938775510204082,0.6678700361010831,0.6937590711175616,0.7368421052631579,0.6936026936026936
DecisionTree,"{'classifier__class_weight': None, 'classifier__max_depth': 5, 'classifier__min_samples_leaf': 1}",0.6952981508568261,0.02340765220210044,4,0.27774553298950194,0.7104851330203443,0.6890756302521008,0.6519524617996605,0.7129032258064516,0.7120743034055728
DecisionTree,"{'classifier__class_weight': None, 'classifier__max_depth': 5, 'classifier__min_samples_leaf': 5}",0.691278881635675,0.022541407701910748,6,0.3138317584991455,0.706436420722135,0.6890756302521008,0.6484641638225256,0.7098865478119936,0.7025316455696202
DecisionTree,"{'classifier__class_weight': None, 'classifier__max_depth': 5, 'classifier__min_samples_leaf': 20}",0.6919678922074197,0.02322521666863853,5,0.28818860054016116,0.7082683307332294,0.69,0.6475548060708263,0.7058823529411765,0.7081339712918661
DecisionTree,"{'classifier__class_weight': None, 'classifier__max_depth': 10, 'classifier__min_samples_leaf': 1}",0.6587637966968087,0.015585775370448094,10,0.37106661796569823,0.6738461538461539,0.6688524590163935,0.6291739894551845,0.6610169491525424,0.6609294320137694
DecisionTree,"{'classifier__class_weight': None, 'classifier__max_depth': 10, 'classifier__min_samples_leaf': 5}",0.6624657697158922,0.010218774905447562,9,0.3233343124389648,0.6634768740031898,0.6755407653910149,0.6573913043478261,0.6698717948717948,0.6460481099656358
DecisionTree,"{'classifier__class_weight': None, 'classifier__max_depth': 10, 'classifier__min_samples_leaf': 20}",0.6774998376978542,0.01851141785539841,7,0.18284077644348146,0.6687898089171974,0.6827697262479872,0.6491803278688525,0.7056962025316456,0.6810631229235881
RandomForest,"{'classifier__class_weight': 'balanced', 'classifier__max_depth': 5, 'classifier__min_samples_leaf': 1, 'classifier__n_estimators': 100}",0.6702553292077258,0.014857445259433132,13,2.5678367137908937,0.6875,0.6568807339449542,0.6490566037735849,0.6826568265682657,0.6751824817518248
RandomForest,"{'classifier__class_weight': 'balanced', 'classifier__max_depth': 5, 'classifier__min_samples_leaf': 1, 'classifier__n_estimators': 200}",0.6692669477484261,0.015229094943788477,14,3.7856268882751465,0.6875,0.6568807339449542,0.6465028355387523,0.6802218114602587,0.6752293577981652
RandomForest,"{'classifier__class_weight': 'balanced', 'classifier__max_depth': 5, 'classifier__min_samples_leaf': 5, 'classifier__n_estimators': 100}",0.6661004315276655,0.015955039552298624,16,1.913134479522705,0.6703910614525139,0.6642335766423357,0.6368715083798883,0.6838235294117647,0.6751824817518248
RandomForest,"{'classifier__class_weight': 'balanced', 'classifier__max_depth': 5, 'classifier__min_samples_leaf': 5, 'classifier__n_estimators': 200}",0.6680220465718831,0.018141929700412004,15,2.828981065750122,0.6704119850187266,0.656934306569343,0.6427221172022685,0.6972477064220184,0.6727941176470589
RandomForest,"{'classifier__class_weight': 'balanced', 'classifier__max_depth': 10, 'classifier__min_samples_leaf': 1, 'classifier__n_estimators': 100}",0.6774251250933119,0.017257673544363267,10,2.098349094390869,0.6787003610108303,0.6818181818181818,0.6445672191528545,0.6940966010733453,0.6879432624113475
RandomForest,"{'classifier__class_weight': 'balanced', 'classifier__max_depth': 10, 'classifier__min_samples_leaf': 1, 'classifier__n_estimators': 200}",0.6828952973403484,0.021000801991999458,9,3.015924644470215,0.6823104693140795,0.6853146853146853,0.6458715596330276,0.7107142857142857,0.6902654867256637
RandomForest,"{'classifier__class_weight': 'balanced', 'classifier__max_depth': 10, 'classifier__min_samples_leaf': 5, 'classifier__n_estimators': 100}",0.6733821754266778,0.0253280739539641,12,1.9742496013641357,0.676416819012797,0.6594594594594595,0.6335174953959485,0.7067395264116576,0.6907775768535263
RandomForest,"{'classifier__class_weight': 'balanced', 'classifier__max_depth': 10, 'classifier__min_samples_leaf': 5, 'classifier__n_estimators': 200}",0.6738215821661179,0.02481541182845091,11,2.706587553024292,0.680073126142596,0.6666666666666666,0.6296296296296297,0.6994535519125683,0.6932849364791288
RandomForest,"{'classifier__class_weight': None, 'classifier__max_depth': 5, 'classifier__min_samples_leaf': 1, 'classifier__n_estimators': 100}",0.7069893882948761,0.016718313181025284,4,1.5932823181152345,0.7190635451505016,0.6966666666666667,0.6793760831889082,0.7248322147651006,0.715008431703204
RandomForest,"{'classifier__class_weight': None, 'classifier__max_depth': 5, 'classifier__min_samples_leaf': 1, 'classifier__n_estimators': 200}",0.7061587249850485,0.01795681833308601,5,2.509142589569092,0.717607973421927,0.697986577181208,0.6759098786828422,0.7278797996661102,0.7114093959731543
RandomForest,"{'classifier__class_weight': None, 'classifier__max_depth': 5, 'classifier__min_samples_leaf': 5, 'classifier__n_estimators': 100}",0.7102175810827472,0.017472884311113553,1,1.5453236103057861,0.7263681592039801,0.7003257328990228,0.6804123711340206,0.7230514096185738,0.7209302325581395
RandomForest,"{'classifier__class_weight': None, 'classifier__max_depth': 5, 'classifier__min_samples_leaf': 5, 'classifier__n_estimators': 200}",0.7090721453183326,0.01808108513340107,2,2.395371103286743,0.7260726072607261,0.7016393442622951,0.6769759450171822,0.7221297836938436,0.7185430463576159
RandomForest,"{'classifier__class_weight': None, 'classifier__max_depth': 10, 'classifier__min_samples_leaf': 1, 'classifier__n_estimators': 100}",0.7029194204897289,0.018275428830586592,8,1.605735683441162,0.7013422818791947,0.6896551724137931,0.6895368782161235,0.7384105960264901,0.6956521739130435
RandomForest,"{'classifier__class_weight': None, 'classifier__max_depth': 10, 'classifier__min_samples_leaf': 1, 'classifier__n_estimators': 200}",0.7032962475742771,0.01870477527494629,7,2.8558441638946532,0.7011686143572621,0.6886326194398682,0.6861063464837049,0.7384105960264901,0.7021630615640599
RandomForest,"{'classifier__class_weight': None, 'classifier__max_depth': 10, 'classifier__min_samples_leaf': 5, 'classifier__n_estimators': 100}",0.7087596844208349,0.019486333552584615,3,1.9583070278167725,0.718801996672213,0.6995073891625616,0.6757679180887372,0.7321131447587355,0.717607973421927
RandomForest,"{'classifier__class_weight': None, 'classifier__max_depth': 10, 'classifier__min_samples_leaf': 5, 'classifier__n_estimators': 200}",0.7037385606040557,0.020427968505485877,6,2.340950107574463,0.715927750410509,0.6963696369636964,0.6678082191780822,0.7266666666666667,0.7119205298013245
