feature,importance
Frequency,0.18903353612268606
ActiveDays,0.1778730095379856
CustomerLifetimeDays,0.1292281763954367
UniqueProducts,0.12241778396781872
Monetary,0.1100820603309534
TotalItems,0.09589795210409743
Recency,0.07831743681294297
AverageOrderValue,0.053511750757600014
AverageItemsPerInvoice,0.0370883257540477
Country_United Kingdom,0.002601731865404571
Country_Germany,0.0018028762024089875
Country_France,0.0009753453333724932
Country_Switzerland,0.0003678857574191084
Country_Belgium,0.00034299752705846225
Country_Spain,0.00019319097423174705
Country_Portugal,0.00010983284994796931
Country_Channel Islands,7.78506169062663e-05
Country_Italy,3.2903329222711626e-05
Country_Norway,2.89517288188833e-05
Country_Netherlands,1.6402031640297478e-05
Country_Australia,0.0
Country_Austria,0.0
Country_Denmark,0.0
Country_EIRE,0.0
Country_Cyprus,0.0
Country_Bahrain,0.0
Country_Canada,0.0
Country_Israel,0.0
Country_Iceland,0.0
Country_Greece,0.0
Country_European Community,0.0
Country_Finland,0.0
Country_Czech Republic,0.0
Country_Malta,0.0
Country_Japan,0.0
Country_Poland,0.0
Country_Lebanon,0.0
Country_Lithuania,0.0
Country_Saudi Arabia,0.0
Country_Sweden,0.0
Country_Singapore,0.0
Country_USA,0.0
Country_Unspecified,0.0
