feature,importance,rank,source_model,feature_group,interpretation,limitations
Frequency,0.189033536122686,1,RandomForest,RFM,Top-3 biến quan trọng nhất (tầm quan trọng = 0.1890). Biến này có đóng góp phân tách mạnh nhất đối với dự đoán mua lại trong mô hình RandomForest. Lưu ý: Tầm quan trọng phụ thuộc vào mô hình và không chứng minh quan hệ nhân quả.,"Feature importance phản ánh tỷ lệ giảm độ vẩn đục (Gini/Impurity) trong mô hình cây, không phải tác động biên nhân quả."
ActiveDays,0.1778730095379856,2,RandomForest,Behavioral,Top-3 biến quan trọng nhất (tầm quan trọng = 0.1779). Biến này có đóng góp phân tách mạnh nhất đối với dự đoán mua lại trong mô hình RandomForest. Lưu ý: Tầm quan trọng phụ thuộc vào mô hình và không chứng minh quan hệ nhân quả.,"Feature importance phản ánh tỷ lệ giảm độ vẩn đục (Gini/Impurity) trong mô hình cây, không phải tác động biên nhân quả."
CustomerLifetimeDays,0.1292281763954367,3,RandomForest,Behavioral,Top-3 biến quan trọng nhất (tầm quan trọng = 0.1292). Biến này có đóng góp phân tách mạnh nhất đối với dự đoán mua lại trong mô hình RandomForest. Lưu ý: Tầm quan trọng phụ thuộc vào mô hình và không chứng minh quan hệ nhân quả.,"Feature importance phản ánh tỷ lệ giảm độ vẩn đục (Gini/Impurity) trong mô hình cây, không phải tác động biên nhân quả."
UniqueProducts,0.1224177839678187,4,RandomForest,Behavioral,Biến quan trọng mức trung bình (tầm quan trọng = 0.1224). Biến này có mức đóng góp vừa phải vào các nút phân nhánh của mô hình RandomForest. Lưu ý: Tầm quan trọng phụ thuộc vào mô hình và không chứng minh quan hệ nhân quả.,"Feature importance phản ánh tỷ lệ giảm độ vẩn đục (Gini/Impurity) trong mô hình cây, không phải tác động biên nhân quả."
Monetary,0.1100820603309534,5,RandomForest,RFM,Biến quan trọng mức trung bình (tầm quan trọng = 0.1101). Biến này có mức đóng góp vừa phải vào các nút phân nhánh của mô hình RandomForest. Lưu ý: Tầm quan trọng phụ thuộc vào mô hình và không chứng minh quan hệ nhân quả.,"Feature importance phản ánh tỷ lệ giảm độ vẩn đục (Gini/Impurity) trong mô hình cây, không phải tác động biên nhân quả."
TotalItems,0.0958979521040974,6,RandomForest,Behavioral,Biến quan trọng mức trung bình (tầm quan trọng = 0.0959). Biến này có mức đóng góp vừa phải vào các nút phân nhánh của mô hình RandomForest. Lưu ý: Tầm quan trọng phụ thuộc vào mô hình và không chứng minh quan hệ nhân quả.,"Feature importance phản ánh tỷ lệ giảm độ vẩn đục (Gini/Impurity) trong mô hình cây, không phải tác động biên nhân quả."
Recency,0.0783174368129429,7,RandomForest,RFM,Biến quan trọng mức trung bình (tầm quan trọng = 0.0783). Biến này có mức đóng góp vừa phải vào các nút phân nhánh của mô hình RandomForest. Lưu ý: Tầm quan trọng phụ thuộc vào mô hình và không chứng minh quan hệ nhân quả.,"Feature importance phản ánh tỷ lệ giảm độ vẩn đục (Gini/Impurity) trong mô hình cây, không phải tác động biên nhân quả."
AverageOrderValue,0.0535117507576,8,RandomForest,Behavioral,Biến quan trọng mức trung bình (tầm quan trọng = 0.0535). Biến này có mức đóng góp vừa phải vào các nút phân nhánh của mô hình RandomForest. Lưu ý: Tầm quan trọng phụ thuộc vào mô hình và không chứng minh quan hệ nhân quả.,"Feature importance phản ánh tỷ lệ giảm độ vẩn đục (Gini/Impurity) trong mô hình cây, không phải tác động biên nhân quả."
AverageItemsPerInvoice,0.0370883257540477,9,RandomForest,Behavioral,Biến quan trọng mức trung bình (tầm quan trọng = 0.0371). Biến này có mức đóng góp vừa phải vào các nút phân nhánh của mô hình RandomForest. Lưu ý: Tầm quan trọng phụ thuộc vào mô hình và không chứng minh quan hệ nhân quả.,"Feature importance phản ánh tỷ lệ giảm độ vẩn đục (Gini/Impurity) trong mô hình cây, không phải tác động biên nhân quả."
Country_United Kingdom,0.0026017318654045,10,RandomForest,Geographic,Biến quan trọng mức trung bình (tầm quan trọng = 0.0026). Biến này có mức đóng góp vừa phải vào các nút phân nhánh của mô hình RandomForest. Lưu ý: Tầm quan trọng phụ thuộc vào mô hình và không chứng minh quan hệ nhân quả.,"Feature importance phản ánh tỷ lệ giảm độ vẩn đục (Gini/Impurity) trong mô hình cây, không phải tác động biên nhân quả."
Country_Germany,0.0018028762024089,11,RandomForest,Geographic,Biến có đóng góp thấp (tầm quan trọng = 0.0018). Biến này đóng góp không đáng kể vào quyết định dự báo của mô hình RandomForest. Lưu ý: Tầm quan trọng phụ thuộc vào mô hình và không chứng minh quan hệ nhân quả.,"Feature importance phản ánh tỷ lệ giảm độ vẩn đục (Gini/Impurity) trong mô hình cây, không phải tác động biên nhân quả."
Country_France,0.0009753453333724,12,RandomForest,Geographic,Biến có đóng góp thấp (tầm quan trọng = 0.0010). Biến này đóng góp không đáng kể vào quyết định dự báo của mô hình RandomForest. Lưu ý: Tầm quan trọng phụ thuộc vào mô hình và không chứng minh quan hệ nhân quả.,"Feature importance phản ánh tỷ lệ giảm độ vẩn đục (Gini/Impurity) trong mô hình cây, không phải tác động biên nhân quả."
Country_Switzerland,0.0003678857574191,13,RandomForest,Geographic,Biến có đóng góp thấp (tầm quan trọng = 0.0004). Biến này đóng góp không đáng kể vào quyết định dự báo của mô hình RandomForest. Lưu ý: Tầm quan trọng phụ thuộc vào mô hình và không chứng minh quan hệ nhân quả.,"Feature importance phản ánh tỷ lệ giảm độ vẩn đục (Gini/Impurity) trong mô hình cây, không phải tác động biên nhân quả."
Country_Belgium,0.0003429975270584,14,RandomForest,Geographic,Biến có đóng góp thấp (tầm quan trọng = 0.0003). Biến này đóng góp không đáng kể vào quyết định dự báo của mô hình RandomForest. Lưu ý: Tầm quan trọng phụ thuộc vào mô hình và không chứng minh quan hệ nhân quả.,"Feature importance phản ánh tỷ lệ giảm độ vẩn đục (Gini/Impurity) trong mô hình cây, không phải tác động biên nhân quả."
Country_Spain,0.0001931909742317,15,RandomForest,Geographic,Biến có đóng góp thấp (tầm quan trọng = 0.0002). Biến này đóng góp không đáng kể vào quyết định dự báo của mô hình RandomForest. Lưu ý: Tầm quan trọng phụ thuộc vào mô hình và không chứng minh quan hệ nhân quả.,"Feature importance phản ánh tỷ lệ giảm độ vẩn đục (Gini/Impurity) trong mô hình cây, không phải tác động biên nhân quả."
Country_Portugal,0.0001098328499479,16,RandomForest,Geographic,Biến có đóng góp thấp (tầm quan trọng = 0.0001). Biến này đóng góp không đáng kể vào quyết định dự báo của mô hình RandomForest. Lưu ý: Tầm quan trọng phụ thuộc vào mô hình và không chứng minh quan hệ nhân quả.,"Feature importance phản ánh tỷ lệ giảm độ vẩn đục (Gini/Impurity) trong mô hình cây, không phải tác động biên nhân quả."
Country_Channel Islands,7.78506169062663e-05,17,RandomForest,Geographic,Biến có đóng góp thấp (tầm quan trọng = 0.0001). Biến này đóng góp không đáng kể vào quyết định dự báo của mô hình RandomForest. Lưu ý: Tầm quan trọng phụ thuộc vào mô hình và không chứng minh quan hệ nhân quả.,"Feature importance phản ánh tỷ lệ giảm độ vẩn đục (Gini/Impurity) trong mô hình cây, không phải tác động biên nhân quả."
Country_Italy,3.2903329222711626e-05,18,RandomForest,Geographic,Biến có đóng góp thấp (tầm quan trọng = 0.0000). Biến này đóng góp không đáng kể vào quyết định dự báo của mô hình RandomForest. Lưu ý: Tầm quan trọng phụ thuộc vào mô hình và không chứng minh quan hệ nhân quả.,"Feature importance phản ánh tỷ lệ giảm độ vẩn đục (Gini/Impurity) trong mô hình cây, không phải tác động biên nhân quả."
Country_Norway,2.89517288188833e-05,19,RandomForest,Geographic,Biến có đóng góp thấp (tầm quan trọng = 0.0000). Biến này đóng góp không đáng kể vào quyết định dự báo của mô hình RandomForest. Lưu ý: Tầm quan trọng phụ thuộc vào mô hình và không chứng minh quan hệ nhân quả.,"Feature importance phản ánh tỷ lệ giảm độ vẩn đục (Gini/Impurity) trong mô hình cây, không phải tác động biên nhân quả."
Country_Netherlands,1.6402031640297478e-05,20,RandomForest,Geographic,Biến có đóng góp thấp (tầm quan trọng = 0.0000). Biến này đóng góp không đáng kể vào quyết định dự báo của mô hình RandomForest. Lưu ý: Tầm quan trọng phụ thuộc vào mô hình và không chứng minh quan hệ nhân quả.,"Feature importance phản ánh tỷ lệ giảm độ vẩn đục (Gini/Impurity) trong mô hình cây, không phải tác động biên nhân quả."
Country_Australia,0.0,21,RandomForest,Geographic,Biến có đóng góp thấp (tầm quan trọng = 0.0000). Biến này đóng góp không đáng kể vào quyết định dự báo của mô hình RandomForest. Lưu ý: Tầm quan trọng phụ thuộc vào mô hình và không chứng minh quan hệ nhân quả.,"Feature importance phản ánh tỷ lệ giảm độ vẩn đục (Gini/Impurity) trong mô hình cây, không phải tác động biên nhân quả."
Country_Austria,0.0,22,RandomForest,Geographic,Biến có đóng góp thấp (tầm quan trọng = 0.0000). Biến này đóng góp không đáng kể vào quyết định dự báo của mô hình RandomForest. Lưu ý: Tầm quan trọng phụ thuộc vào mô hình và không chứng minh quan hệ nhân quả.,"Feature importance phản ánh tỷ lệ giảm độ vẩn đục (Gini/Impurity) trong mô hình cây, không phải tác động biên nhân quả."
Country_Denmark,0.0,23,RandomForest,Geographic,Biến có đóng góp thấp (tầm quan trọng = 0.0000). Biến này đóng góp không đáng kể vào quyết định dự báo của mô hình RandomForest. Lưu ý: Tầm quan trọng phụ thuộc vào mô hình và không chứng minh quan hệ nhân quả.,"Feature importance phản ánh tỷ lệ giảm độ vẩn đục (Gini/Impurity) trong mô hình cây, không phải tác động biên nhân quả."
Country_EIRE,0.0,24,RandomForest,Geographic,Biến có đóng góp thấp (tầm quan trọng = 0.0000). Biến này đóng góp không đáng kể vào quyết định dự báo của mô hình RandomForest. Lưu ý: Tầm quan trọng phụ thuộc vào mô hình và không chứng minh quan hệ nhân quả.,"Feature importance phản ánh tỷ lệ giảm độ vẩn đục (Gini/Impurity) trong mô hình cây, không phải tác động biên nhân quả."
Country_Cyprus,0.0,25,RandomForest,Geographic,Biến có đóng góp thấp (tầm quan trọng = 0.0000). Biến này đóng góp không đáng kể vào quyết định dự báo của mô hình RandomForest. Lưu ý: Tầm quan trọng phụ thuộc vào mô hình và không chứng minh quan hệ nhân quả.,"Feature importance phản ánh tỷ lệ giảm độ vẩn đục (Gini/Impurity) trong mô hình cây, không phải tác động biên nhân quả."
Country_Bahrain,0.0,26,RandomForest,Geographic,Biến có đóng góp thấp (tầm quan trọng = 0.0000). Biến này đóng góp không đáng kể vào quyết định dự báo của mô hình RandomForest. Lưu ý: Tầm quan trọng phụ thuộc vào mô hình và không chứng minh quan hệ nhân quả.,"Feature importance phản ánh tỷ lệ giảm độ vẩn đục (Gini/Impurity) trong mô hình cây, không phải tác động biên nhân quả."
Country_Canada,0.0,27,RandomForest,Geographic,Biến có đóng góp thấp (tầm quan trọng = 0.0000). Biến này đóng góp không đáng kể vào quyết định dự báo của mô hình RandomForest. Lưu ý: Tầm quan trọng phụ thuộc vào mô hình và không chứng minh quan hệ nhân quả.,"Feature importance phản ánh tỷ lệ giảm độ vẩn đục (Gini/Impurity) trong mô hình cây, không phải tác động biên nhân quả."
Country_Israel,0.0,28,RandomForest,Geographic,Biến có đóng góp thấp (tầm quan trọng = 0.0000). Biến này đóng góp không đáng kể vào quyết định dự báo của mô hình RandomForest. Lưu ý: Tầm quan trọng phụ thuộc vào mô hình và không chứng minh quan hệ nhân quả.,"Feature importance phản ánh tỷ lệ giảm độ vẩn đục (Gini/Impurity) trong mô hình cây, không phải tác động biên nhân quả."
Country_Iceland,0.0,29,RandomForest,Geographic,Biến có đóng góp thấp (tầm quan trọng = 0.0000). Biến này đóng góp không đáng kể vào quyết định dự báo của mô hình RandomForest. Lưu ý: Tầm quan trọng phụ thuộc vào mô hình và không chứng minh quan hệ nhân quả.,"Feature importance phản ánh tỷ lệ giảm độ vẩn đục (Gini/Impurity) trong mô hình cây, không phải tác động biên nhân quả."
Country_Greece,0.0,30,RandomForest,Geographic,Biến có đóng góp thấp (tầm quan trọng = 0.0000). Biến này đóng góp không đáng kể vào quyết định dự báo của mô hình RandomForest. Lưu ý: Tầm quan trọng phụ thuộc vào mô hình và không chứng minh quan hệ nhân quả.,"Feature importance phản ánh tỷ lệ giảm độ vẩn đục (Gini/Impurity) trong mô hình cây, không phải tác động biên nhân quả."
Country_European Community,0.0,31,RandomForest,Geographic,Biến có đóng góp thấp (tầm quan trọng = 0.0000). Biến này đóng góp không đáng kể vào quyết định dự báo của mô hình RandomForest. Lưu ý: Tầm quan trọng phụ thuộc vào mô hình và không chứng minh quan hệ nhân quả.,"Feature importance phản ánh tỷ lệ giảm độ vẩn đục (Gini/Impurity) trong mô hình cây, không phải tác động biên nhân quả."
Country_Finland,0.0,32,RandomForest,Geographic,Biến có đóng góp thấp (tầm quan trọng = 0.0000). Biến này đóng góp không đáng kể vào quyết định dự báo của mô hình RandomForest. Lưu ý: Tầm quan trọng phụ thuộc vào mô hình và không chứng minh quan hệ nhân quả.,"Feature importance phản ánh tỷ lệ giảm độ vẩn đục (Gini/Impurity) trong mô hình cây, không phải tác động biên nhân quả."
Country_Czech Republic,0.0,33,RandomForest,Geographic,Biến có đóng góp thấp (tầm quan trọng = 0.0000). Biến này đóng góp không đáng kể vào quyết định dự báo của mô hình RandomForest. Lưu ý: Tầm quan trọng phụ thuộc vào mô hình và không chứng minh quan hệ nhân quả.,"Feature importance phản ánh tỷ lệ giảm độ vẩn đục (Gini/Impurity) trong mô hình cây, không phải tác động biên nhân quả."
Country_Malta,0.0,34,RandomForest,Geographic,Biến có đóng góp thấp (tầm quan trọng = 0.0000). Biến này đóng góp không đáng kể vào quyết định dự báo của mô hình RandomForest. Lưu ý: Tầm quan trọng phụ thuộc vào mô hình và không chứng minh quan hệ nhân quả.,"Feature importance phản ánh tỷ lệ giảm độ vẩn đục (Gini/Impurity) trong mô hình cây, không phải tác động biên nhân quả."
Country_Japan,0.0,35,RandomForest,Geographic,Biến có đóng góp thấp (tầm quan trọng = 0.0000). Biến này đóng góp không đáng kể vào quyết định dự báo của mô hình RandomForest. Lưu ý: Tầm quan trọng phụ thuộc vào mô hình và không chứng minh quan hệ nhân quả.,"Feature importance phản ánh tỷ lệ giảm độ vẩn đục (Gini/Impurity) trong mô hình cây, không phải tác động biên nhân quả."
Country_Poland,0.0,36,RandomForest,Geographic,Biến có đóng góp thấp (tầm quan trọng = 0.0000). Biến này đóng góp không đáng kể vào quyết định dự báo của mô hình RandomForest. Lưu ý: Tầm quan trọng phụ thuộc vào mô hình và không chứng minh quan hệ nhân quả.,"Feature importance phản ánh tỷ lệ giảm độ vẩn đục (Gini/Impurity) trong mô hình cây, không phải tác động biên nhân quả."
Country_Lebanon,0.0,37,RandomForest,Geographic,Biến có đóng góp thấp (tầm quan trọng = 0.0000). Biến này đóng góp không đáng kể vào quyết định dự báo của mô hình RandomForest. Lưu ý: Tầm quan trọng phụ thuộc vào mô hình và không chứng minh quan hệ nhân quả.,"Feature importance phản ánh tỷ lệ giảm độ vẩn đục (Gini/Impurity) trong mô hình cây, không phải tác động biên nhân quả."
Country_Lithuania,0.0,38,RandomForest,Geographic,Biến có đóng góp thấp (tầm quan trọng = 0.0000). Biến này đóng góp không đáng kể vào quyết định dự báo của mô hình RandomForest. Lưu ý: Tầm quan trọng phụ thuộc vào mô hình và không chứng minh quan hệ nhân quả.,"Feature importance phản ánh tỷ lệ giảm độ vẩn đục (Gini/Impurity) trong mô hình cây, không phải tác động biên nhân quả."
Country_Saudi Arabia,0.0,39,RandomForest,Geographic,Biến có đóng góp thấp (tầm quan trọng = 0.0000). Biến này đóng góp không đáng kể vào quyết định dự báo của mô hình RandomForest. Lưu ý: Tầm quan trọng phụ thuộc vào mô hình và không chứng minh quan hệ nhân quả.,"Feature importance phản ánh tỷ lệ giảm độ vẩn đục (Gini/Impurity) trong mô hình cây, không phải tác động biên nhân quả."
Country_Sweden,0.0,40,RandomForest,Geographic,Biến có đóng góp thấp (tầm quan trọng = 0.0000). Biến này đóng góp không đáng kể vào quyết định dự báo của mô hình RandomForest. Lưu ý: Tầm quan trọng phụ thuộc vào mô hình và không chứng minh quan hệ nhân quả.,"Feature importance phản ánh tỷ lệ giảm độ vẩn đục (Gini/Impurity) trong mô hình cây, không phải tác động biên nhân quả."
Country_Singapore,0.0,41,RandomForest,Geographic,Biến có đóng góp thấp (tầm quan trọng = 0.0000). Biến này đóng góp không đáng kể vào quyết định dự báo của mô hình RandomForest. Lưu ý: Tầm quan trọng phụ thuộc vào mô hình và không chứng minh quan hệ nhân quả.,"Feature importance phản ánh tỷ lệ giảm độ vẩn đục (Gini/Impurity) trong mô hình cây, không phải tác động biên nhân quả."
Country_USA,0.0,42,RandomForest,Geographic,Biến có đóng góp thấp (tầm quan trọng = 0.0000). Biến này đóng góp không đáng kể vào quyết định dự báo của mô hình RandomForest. Lưu ý: Tầm quan trọng phụ thuộc vào mô hình và không chứng minh quan hệ nhân quả.,"Feature importance phản ánh tỷ lệ giảm độ vẩn đục (Gini/Impurity) trong mô hình cây, không phải tác động biên nhân quả."
Country_Unspecified,0.0,43,RandomForest,Geographic,Biến có đóng góp thấp (tầm quan trọng = 0.0000). Biến này đóng góp không đáng kể vào quyết định dự báo của mô hình RandomForest. Lưu ý: Tầm quan trọng phụ thuộc vào mô hình và không chứng minh quan hệ nhân quả.,"Feature importance phản ánh tỷ lệ giảm độ vẩn đục (Gini/Impurity) trong mô hình cây, không phải tác động biên nhân quả."
