antecedents,consequents,support,confidence,lift,conviction,evidence_quality,business_interpretation,recommended_action,limitations
PINK REGENCY TEACUP AND SAUCER,"GREEN REGENCY TEACUP AND SAUCER, ROSES REGENCY TEACUP AND SAUCER ",0.0274,0.7072,18.23,3.2827,Moderate,"Khách hàng mua 'PINK REGENCY TEACUP AND SAUCER' có khả năng cao cũng mua 'GREEN REGENCY TEACUP AND SAUCER, ROSES REGENCY TEACUP AND SAUCER ' (xác suất cao gấp 18.2 lần so với khi hai sản phẩm xuất hiện độc lập). Mô hình này xuất hiện trong 2.7% tổng số giỏ hàng.","Đề xuất gợi ý chéo 'GREEN REGENCY TEACUP AND SAUCER, ROSES REGENCY TEACUP AND SAUCER ' khi khách hàng đưa 'PINK REGENCY TEACUP AND SAUCER' vào giỏ hàng. Mức độ liên kết rất mạnh — có thể tạo combo đóng gói sẵn (product bundle).","Quan hệ đồng xuất hiện tương quan, không chứng minh quan hệ nhân quả (causality)"
"GREEN REGENCY TEACUP AND SAUCER, ROSES REGENCY TEACUP AND SAUCER ",PINK REGENCY TEACUP AND SAUCER,0.0274,0.7053,18.23,3.2625,Moderate,"Khách hàng mua 'GREEN REGENCY TEACUP AND SAUCER, ROSES REGENCY TEACUP AND SAUCER ' có khả năng cao cũng mua 'PINK REGENCY TEACUP AND SAUCER' (xác suất cao gấp 18.2 lần so với khi hai sản phẩm xuất hiện độc lập). Mô hình này xuất hiện trong 2.7% tổng số giỏ hàng.","Đề xuất gợi ý chéo 'PINK REGENCY TEACUP AND SAUCER' khi khách hàng đưa 'GREEN REGENCY TEACUP AND SAUCER, ROSES REGENCY TEACUP AND SAUCER ' vào giỏ hàng. Mức độ liên kết rất mạnh — có thể tạo combo đóng gói sẵn (product bundle).","Quan hệ đồng xuất hiện tương quan, không chứng minh quan hệ nhân quả (causality)"
"PINK REGENCY TEACUP AND SAUCER, ROSES REGENCY TEACUP AND SAUCER ",GREEN REGENCY TEACUP AND SAUCER,0.0274,0.9047,17.66,9.9537,Moderate,"Khách hàng mua 'PINK REGENCY TEACUP AND SAUCER, ROSES REGENCY TEACUP AND SAUCER ' có khả năng cao cũng mua 'GREEN REGENCY TEACUP AND SAUCER' (xác suất cao gấp 17.7 lần so với khi hai sản phẩm xuất hiện độc lập). Mô hình này xuất hiện trong 2.7% tổng số giỏ hàng.","Đề xuất gợi ý chéo 'GREEN REGENCY TEACUP AND SAUCER' khi khách hàng đưa 'PINK REGENCY TEACUP AND SAUCER, ROSES REGENCY TEACUP AND SAUCER ' vào giỏ hàng. Mức độ liên kết rất mạnh — có thể tạo combo đóng gói sẵn (product bundle).","Quan hệ đồng xuất hiện tương quan, không chứng minh quan hệ nhân quả (causality)"
GREEN REGENCY TEACUP AND SAUCER,"PINK REGENCY TEACUP AND SAUCER, ROSES REGENCY TEACUP AND SAUCER ",0.0274,0.5341,17.66,2.0813,Moderate,"Khách hàng mua 'GREEN REGENCY TEACUP AND SAUCER' có khả năng cao cũng mua 'PINK REGENCY TEACUP AND SAUCER, ROSES REGENCY TEACUP AND SAUCER ' (xác suất cao gấp 17.7 lần so với khi hai sản phẩm xuất hiện độc lập). Mô hình này xuất hiện trong 2.7% tổng số giỏ hàng.","Đề xuất gợi ý chéo 'PINK REGENCY TEACUP AND SAUCER, ROSES REGENCY TEACUP AND SAUCER ' khi khách hàng đưa 'GREEN REGENCY TEACUP AND SAUCER' vào giỏ hàng. Mức độ liên kết rất mạnh — có thể tạo combo đóng gói sẵn (product bundle).","Độ tin cậy vừa phải (0.53) — xác suất đồng mua chưa tuyệt đối; Quan hệ đồng xuất hiện tương quan, không chứng minh quan hệ nhân quả (causality)"
PINK REGENCY TEACUP AND SAUCER,GREEN REGENCY TEACUP AND SAUCER,0.032,0.8261,16.13,5.4572,Strong,Khách hàng mua 'PINK REGENCY TEACUP AND SAUCER' có khả năng cao cũng mua 'GREEN REGENCY TEACUP AND SAUCER' (xác suất cao gấp 16.1 lần so với khi hai sản phẩm xuất hiện độc lập). Mô hình này xuất hiện trong 3.2% tổng số giỏ hàng.,Đề xuất gợi ý chéo 'GREEN REGENCY TEACUP AND SAUCER' khi khách hàng đưa 'PINK REGENCY TEACUP AND SAUCER' vào giỏ hàng. Mức độ liên kết rất mạnh — có thể tạo combo đóng gói sẵn (product bundle).,"Quan hệ đồng xuất hiện tương quan, không chứng minh quan hệ nhân quả (causality)"
GREEN REGENCY TEACUP AND SAUCER,PINK REGENCY TEACUP AND SAUCER,0.032,0.6239,16.13,2.5559,Moderate,Khách hàng mua 'GREEN REGENCY TEACUP AND SAUCER' có khả năng cao cũng mua 'PINK REGENCY TEACUP AND SAUCER' (xác suất cao gấp 16.1 lần so với khi hai sản phẩm xuất hiện độc lập). Mô hình này xuất hiện trong 3.2% tổng số giỏ hàng.,Đề xuất gợi ý chéo 'PINK REGENCY TEACUP AND SAUCER' khi khách hàng đưa 'GREEN REGENCY TEACUP AND SAUCER' vào giỏ hàng. Mức độ liên kết rất mạnh — có thể tạo combo đóng gói sẵn (product bundle).,"Quan hệ đồng xuất hiện tương quan, không chứng minh quan hệ nhân quả (causality)"
"GREEN REGENCY TEACUP AND SAUCER, PINK REGENCY TEACUP AND SAUCER",ROSES REGENCY TEACUP AND SAUCER ,0.0274,0.856,15.89,6.571,Moderate,"Khách hàng mua 'GREEN REGENCY TEACUP AND SAUCER, PINK REGENCY TEACUP AND SAUCER' có khả năng cao cũng mua 'ROSES REGENCY TEACUP AND SAUCER ' (xác suất cao gấp 15.9 lần so với khi hai sản phẩm xuất hiện độc lập). Mô hình này xuất hiện trong 2.7% tổng số giỏ hàng.","Đề xuất gợi ý chéo 'ROSES REGENCY TEACUP AND SAUCER ' khi khách hàng đưa 'GREEN REGENCY TEACUP AND SAUCER, PINK REGENCY TEACUP AND SAUCER' vào giỏ hàng. Mức độ liên kết rất mạnh — có thể tạo combo đóng gói sẵn (product bundle).","Quan hệ đồng xuất hiện tương quan, không chứng minh quan hệ nhân quả (causality)"
ROSES REGENCY TEACUP AND SAUCER ,"GREEN REGENCY TEACUP AND SAUCER, PINK REGENCY TEACUP AND SAUCER",0.0274,0.508,15.89,1.9675,Moderate,"Khách hàng mua 'ROSES REGENCY TEACUP AND SAUCER ' có khả năng cao cũng mua 'GREEN REGENCY TEACUP AND SAUCER, PINK REGENCY TEACUP AND SAUCER' (xác suất cao gấp 15.9 lần so với khi hai sản phẩm xuất hiện độc lập). Mô hình này xuất hiện trong 2.7% tổng số giỏ hàng.","Đề xuất gợi ý chéo 'GREEN REGENCY TEACUP AND SAUCER, PINK REGENCY TEACUP AND SAUCER' khi khách hàng đưa 'ROSES REGENCY TEACUP AND SAUCER ' vào giỏ hàng. Mức độ liên kết rất mạnh — có thể tạo combo đóng gói sẵn (product bundle).","Độ tin cậy vừa phải (0.51) — xác suất đồng mua chưa tuyệt đối; Quan hệ đồng xuất hiện tương quan, không chứng minh quan hệ nhân quả (causality)"
GARDENERS KNEELING PAD CUP OF TEA ,GARDENERS KNEELING PAD KEEP CALM ,0.0276,0.7203,15.6,3.4104,Moderate,Khách hàng mua 'GARDENERS KNEELING PAD CUP OF TEA ' có khả năng cao cũng mua 'GARDENERS KNEELING PAD KEEP CALM ' (xác suất cao gấp 15.6 lần so với khi hai sản phẩm xuất hiện độc lập). Mô hình này xuất hiện trong 2.8% tổng số giỏ hàng.,Đề xuất gợi ý chéo 'GARDENERS KNEELING PAD KEEP CALM ' khi khách hàng đưa 'GARDENERS KNEELING PAD CUP OF TEA ' vào giỏ hàng. Mức độ liên kết rất mạnh — có thể tạo combo đóng gói sẵn (product bundle).,"Quan hệ đồng xuất hiện tương quan, không chứng minh quan hệ nhân quả (causality)"
GARDENERS KNEELING PAD KEEP CALM ,GARDENERS KNEELING PAD CUP OF TEA ,0.0276,0.598,15.6,2.3924,Moderate,Khách hàng mua 'GARDENERS KNEELING PAD KEEP CALM ' có khả năng cao cũng mua 'GARDENERS KNEELING PAD CUP OF TEA ' (xác suất cao gấp 15.6 lần so với khi hai sản phẩm xuất hiện độc lập). Mô hình này xuất hiện trong 2.8% tổng số giỏ hàng.,Đề xuất gợi ý chéo 'GARDENERS KNEELING PAD CUP OF TEA ' khi khách hàng đưa 'GARDENERS KNEELING PAD KEEP CALM ' vào giỏ hàng. Mức độ liên kết rất mạnh — có thể tạo combo đóng gói sẵn (product bundle).,"Độ tin cậy vừa phải (0.60) — xác suất đồng mua chưa tuyệt đối; Quan hệ đồng xuất hiện tương quan, không chứng minh quan hệ nhân quả (causality)"
"REGENCY CAKESTAND 3 TIER, ROSES REGENCY TEACUP AND SAUCER ",GREEN REGENCY TEACUP AND SAUCER,0.0206,0.7771,15.17,4.2573,Moderate,"Khách hàng mua 'REGENCY CAKESTAND 3 TIER, ROSES REGENCY TEACUP AND SAUCER ' có khả năng cao cũng mua 'GREEN REGENCY TEACUP AND SAUCER' (xác suất cao gấp 15.2 lần so với khi hai sản phẩm xuất hiện độc lập). Mô hình này xuất hiện trong 2.1% tổng số giỏ hàng.","Đề xuất gợi ý chéo 'GREEN REGENCY TEACUP AND SAUCER' khi khách hàng đưa 'REGENCY CAKESTAND 3 TIER, ROSES REGENCY TEACUP AND SAUCER ' vào giỏ hàng. Mức độ liên kết rất mạnh — có thể tạo combo đóng gói sẵn (product bundle).","Quan hệ đồng xuất hiện tương quan, không chứng minh quan hệ nhân quả (causality)"
"REGENCY CAKESTAND 3 TIER, GREEN REGENCY TEACUP AND SAUCER",ROSES REGENCY TEACUP AND SAUCER ,0.0206,0.8016,14.88,4.7682,Moderate,"Khách hàng mua 'REGENCY CAKESTAND 3 TIER, GREEN REGENCY TEACUP AND SAUCER' có khả năng cao cũng mua 'ROSES REGENCY TEACUP AND SAUCER ' (xác suất cao gấp 14.9 lần so với khi hai sản phẩm xuất hiện độc lập). Mô hình này xuất hiện trong 2.1% tổng số giỏ hàng.","Đề xuất gợi ý chéo 'ROSES REGENCY TEACUP AND SAUCER ' khi khách hàng đưa 'REGENCY CAKESTAND 3 TIER, GREEN REGENCY TEACUP AND SAUCER' vào giỏ hàng. Mức độ liên kết rất mạnh — có thể tạo combo đóng gói sẵn (product bundle).","Quan hệ đồng xuất hiện tương quan, không chứng minh quan hệ nhân quả (causality)"
PINK REGENCY TEACUP AND SAUCER,ROSES REGENCY TEACUP AND SAUCER ,0.0302,0.7817,14.51,4.3341,Strong,Khách hàng mua 'PINK REGENCY TEACUP AND SAUCER' có khả năng cao cũng mua 'ROSES REGENCY TEACUP AND SAUCER ' (xác suất cao gấp 14.5 lần so với khi hai sản phẩm xuất hiện độc lập). Mô hình này xuất hiện trong 3.0% tổng số giỏ hàng.,Đề xuất gợi ý chéo 'ROSES REGENCY TEACUP AND SAUCER ' khi khách hàng đưa 'PINK REGENCY TEACUP AND SAUCER' vào giỏ hàng. Mức độ liên kết rất mạnh — có thể tạo combo đóng gói sẵn (product bundle).,"Quan hệ đồng xuất hiện tương quan, không chứng minh quan hệ nhân quả (causality)"
ROSES REGENCY TEACUP AND SAUCER ,PINK REGENCY TEACUP AND SAUCER,0.0302,0.5615,14.51,2.1923,Moderate,Khách hàng mua 'ROSES REGENCY TEACUP AND SAUCER ' có khả năng cao cũng mua 'PINK REGENCY TEACUP AND SAUCER' (xác suất cao gấp 14.5 lần so với khi hai sản phẩm xuất hiện độc lập). Mô hình này xuất hiện trong 3.0% tổng số giỏ hàng.,Đề xuất gợi ý chéo 'PINK REGENCY TEACUP AND SAUCER' khi khách hàng đưa 'ROSES REGENCY TEACUP AND SAUCER ' vào giỏ hàng. Mức độ liên kết rất mạnh — có thể tạo combo đóng gói sẵn (product bundle).,"Độ tin cậy vừa phải (0.56) — xác suất đồng mua chưa tuyệt đối; Quan hệ đồng xuất hiện tương quan, không chứng minh quan hệ nhân quả (causality)"
GREEN REGENCY TEACUP AND SAUCER,ROSES REGENCY TEACUP AND SAUCER ,0.0388,0.7572,14.06,3.8961,Strong,Khách hàng mua 'GREEN REGENCY TEACUP AND SAUCER' có khả năng cao cũng mua 'ROSES REGENCY TEACUP AND SAUCER ' (xác suất cao gấp 14.1 lần so với khi hai sản phẩm xuất hiện độc lập). Mô hình này xuất hiện trong 3.9% tổng số giỏ hàng.,Đề xuất gợi ý chéo 'ROSES REGENCY TEACUP AND SAUCER ' khi khách hàng đưa 'GREEN REGENCY TEACUP AND SAUCER' vào giỏ hàng. Mức độ liên kết rất mạnh — có thể tạo combo đóng gói sẵn (product bundle).,"Quan hệ đồng xuất hiện tương quan, không chứng minh quan hệ nhân quả (causality)"
ROSES REGENCY TEACUP AND SAUCER ,GREEN REGENCY TEACUP AND SAUCER,0.0388,0.7202,14.06,3.3907,Strong,Khách hàng mua 'ROSES REGENCY TEACUP AND SAUCER ' có khả năng cao cũng mua 'GREEN REGENCY TEACUP AND SAUCER' (xác suất cao gấp 14.1 lần so với khi hai sản phẩm xuất hiện độc lập). Mô hình này xuất hiện trong 3.9% tổng số giỏ hàng.,Đề xuất gợi ý chéo 'GREEN REGENCY TEACUP AND SAUCER' khi khách hàng đưa 'ROSES REGENCY TEACUP AND SAUCER ' vào giỏ hàng. Mức độ liên kết rất mạnh — có thể tạo combo đóng gói sẵn (product bundle).,"Quan hệ đồng xuất hiện tương quan, không chứng minh quan hệ nhân quả (causality)"
SPACEBOY LUNCH BOX ,DOLLY GIRL LUNCH BOX,0.0272,0.5978,13.91,2.3793,Moderate,Khách hàng mua 'SPACEBOY LUNCH BOX ' có khả năng cao cũng mua 'DOLLY GIRL LUNCH BOX' (xác suất cao gấp 13.9 lần so với khi hai sản phẩm xuất hiện độc lập). Mô hình này xuất hiện trong 2.7% tổng số giỏ hàng.,Đề xuất gợi ý chéo 'DOLLY GIRL LUNCH BOX' khi khách hàng đưa 'SPACEBOY LUNCH BOX ' vào giỏ hàng. Mức độ liên kết rất mạnh — có thể tạo combo đóng gói sẵn (product bundle).,"Độ tin cậy vừa phải (0.60) — xác suất đồng mua chưa tuyệt đối; Quan hệ đồng xuất hiện tương quan, không chứng minh quan hệ nhân quả (causality)"
DOLLY GIRL LUNCH BOX,SPACEBOY LUNCH BOX ,0.0272,0.6329,13.91,2.6004,Moderate,Khách hàng mua 'DOLLY GIRL LUNCH BOX' có khả năng cao cũng mua 'SPACEBOY LUNCH BOX ' (xác suất cao gấp 13.9 lần so với khi hai sản phẩm xuất hiện độc lập). Mô hình này xuất hiện trong 2.7% tổng số giỏ hàng.,Đề xuất gợi ý chéo 'SPACEBOY LUNCH BOX ' khi khách hàng đưa 'DOLLY GIRL LUNCH BOX' vào giỏ hàng. Mức độ liên kết rất mạnh — có thể tạo combo đóng gói sẵn (product bundle).,"Quan hệ đồng xuất hiện tương quan, không chứng minh quan hệ nhân quả (causality)"
JUMBO BAG PEARS,JUMBO BAG APPLES,0.0205,0.6824,13.8,2.9924,Moderate,Khách hàng mua 'JUMBO BAG PEARS' có khả năng cao cũng mua 'JUMBO BAG APPLES' (xác suất cao gấp 13.8 lần so với khi hai sản phẩm xuất hiện độc lập). Mô hình này xuất hiện trong 2.1% tổng số giỏ hàng.,Đề xuất gợi ý chéo 'JUMBO BAG APPLES' khi khách hàng đưa 'JUMBO BAG PEARS' vào giỏ hàng. Mức độ liên kết rất mạnh — có thể tạo combo đóng gói sẵn (product bundle).,"Quan hệ đồng xuất hiện tương quan, không chứng minh quan hệ nhân quả (causality)"
CHARLOTTE BAG PINK POLKADOT,RED RETROSPOT CHARLOTTE BAG,0.0264,0.7035,13.48,3.1967,Moderate,Khách hàng mua 'CHARLOTTE BAG PINK POLKADOT' có khả năng cao cũng mua 'RED RETROSPOT CHARLOTTE BAG' (xác suất cao gấp 13.5 lần so với khi hai sản phẩm xuất hiện độc lập). Mô hình này xuất hiện trong 2.6% tổng số giỏ hàng.,Đề xuất gợi ý chéo 'RED RETROSPOT CHARLOTTE BAG' khi khách hàng đưa 'CHARLOTTE BAG PINK POLKADOT' vào giỏ hàng. Mức độ liên kết rất mạnh — có thể tạo combo đóng gói sẵn (product bundle).,"Quan hệ đồng xuất hiện tương quan, không chứng minh quan hệ nhân quả (causality)"
