Feature,Dtype,MissingCount,MissingPercent,UniqueCount,Min,Q1,Median,Mean,Q3,Max
Recency,int64,0,0.0,349,1.0,18.0,51.0,92.7,143.0,374.0
Frequency,int64,0,0.0,57,1.0,1.0,2.0,4.25,5.0,206.0
Monetary,float64,0,0.0,4251,3.75,304.24,662.56,2015.97,1631.62,279138.02
TotalItems,int64,0,0.0,1761,1.0,159.25,377.5,1186.38,989.75,196844.0
UniqueProducts,int64,0,0.0,339,1.0,16.0,35.0,61.43,77.0,1785.0
UniqueInvoices,int64,0,0.0,57,1.0,1.0,2.0,4.25,5.0,206.0
ActiveDays,int64,0,0.0,49,1.0,1.0,2.0,3.85,4.0,130.0
AverageOrderValue,float64,0,0.0,4262,3.75,177.2,289.56,415.48,423.41,84236.25
AverageItemsPerInvoice,float64,0,0.0,2124,1.0,92.52,161.0,255.28,271.98,74215.0
CustomerLifetimeDays,int64,0,0.0,374,0.0,0.0,92.0,130.29,252.0,373.0
R_Score,int64,0,0.0,5,1.0,2.0,3.0,3.02,4.0,5.0
F_Score,int64,0,0.0,4,1.0,1.0,1.0,2.35,4.0,5.0
M_Score,int64,0,0.0,5,1.0,2.0,3.0,3.0,4.0,5.0
RFM_Score,int64,0,0.0,13,3.0,5.0,8.0,8.37,12.0,15.0
